word,category,d0,d1,d2,d3,d4,d5,d6,d7,d8,d9,d10,d11,d12,d13,d14,d15,d16,d17,d18,d19,d20,d21,d22,d23,d24,d25,d26,d27,d28,d29,d30,d31,d32,d33,d34,d35,d36,d37,d38,d39,d40,d41,d42,d43,d44,d45,d46,d47,d48,d49
king,royalty,-0.019193704896661137,-0.051436651303159026,0.08841680305100394,0.20979672791266266,-0.05635768062656952,0.0020414700735642073,0.15677578705771028,0.09667587176202411,-0.057334201131740606,0.10182650521023363,-0.024325586313836384,-0.12458445856043715,-0.05057519979824399,-0.19079955427069228,-0.21662341041595162,-0.11724964572562604,-0.05339008418368074,0.04905580633665997,-0.05936833055532649,-0.1884981632556129,0.31159469472034024,0.06481861776310398,-0.004362078561848201,-0.1409854910284693,-0.03894781996963631,0.08958554032483541,-0.20913554264843645,0.08846205801923028,-0.024121093034042966,-0.13541608392064405,-0.1462773072147748,0.14104883294454243,-0.016499920855882685,-0.1048688338613288,0.19369489500364803,-0.16208813393475363,0.11706291181060928,-0.3417700977996164,-0.27343927269336166,0.023763670980054823,0.12138763784185999,0.021538674484385165,-0.12826360908258788,-0.04582202281859347,-0.27218344485375234,-0.06150055580043763,-0.0427261109833958,0.09268728416040178,0.018787481241077743,-0.2975491595339703
queen,royalty,0.0679243017793122,0.03511015965437381,0.03649350902243401,0.24837782671257158,-0.06426828578316589,-0.07939429040930944,0.2212670396462168,0.05088647153769196,-0.09950590852859457,0.009131925593565404,0.04644133907623778,-0.06504135346904648,-0.005462247776527246,-0.2632172601113844,-0.2548874572242985,-0.09370798604141992,-0.11048433379181608,0.08889424154508009,-0.16133081109384756,-0.23656595887038612,0.19523280606951868,-0.16512135862778052,-0.07755982706658718,-0.12644626360482486,0.016360901871271174,0.001628563568230091,-0.132548575603475,0.0720367743165005,0.09086197014626685,0.022486190397036754,-0.09402457458858124,0.21171317788023328,-0.0944857303860968,-0.1406069728434953,0.07488924189649993,-0.25775282113497233,-0.007167061335140867,-0.34452912368648175,-0.09409020953698644,0.07913953225688833,0.10589209179060655,0.10993440629132178,-0.012198335286690417,-0.09297955162732087,-0.12518955841962412,-0.0726246656000811,-0.12609180350401528,0.1412782741055785,-0.0009546870427283036,-0.33356525196208564
prince,royalty,0.12141270330610264,0.08757521956895192,0.012357301184840647,0.24476412384789556,-0.06922132138693547,-0.06006154907176796,0.18792622749818402,0.05906067670249755,-0.0630127212562532,0.0294268426657922,-0.049735671800489226,-0.0680192975674035,0.020494771744692938,-0.318700594353329,-0.27380297917879204,-0.0364203790226932,-0.11375134578159853,-0.010749067332345343,-0.12156754933770346,-0.15565353037820154,0.11171036938761973,-0.0011805772137721293,-0.02765452596802164,-0.1675205743392681,-0.11896273662585985,-0.08554901180870098,-0.25229556458363467,0.055293566963536725,-0.06954883983445807,-0.0914839640928976,-0.04848045498447361,0.16628310695932697,-0.005590392333768445,-0.21590849274812587,0.07865785761260038,-0.16827318113552098,-0.01894330287709237,-0.2959054500529406,-0.12960088594945077,-0.004745636649888221,0.15019246565003908,-0.03927421741689264,0.013479027046416004,0.0385754792821287,-0.3454244578441925,-0.1454124427583737,-0.03217518535201941,0.13663419918533326,0.06889457625902101,-0.28066446344114776
princess,royalty,0.07660432853314748,-0.02891100408282045,0.16072005065097314,0.23424589950810257,-0.01428894509661835,-0.057507337597812215,0.19955476582218853,0.08569583980549707,-0.04493661511284634,0.05394325918737267,-0.050099923677668495,0.052539672953948596,0.08511926365961531,-0.29463715801146756,-0.17940883741757155,-0.10459732282657397,-0.2635530150798507,-0.012829214644450809,-0.2387933790032181,-0.2238817037127276,0.21236359536286029,0.06412627382294912,0.02858863576108497,-0.21803986612057846,-0.030653331968713563,-0.11151944324784985,-0.1523505067806345,0.09861810849242211,-0.17186026999194212,0.023904392074974693,-0.06722727096924846,0.24309281892081777,0.03454518452472583,-0.021543753381023652,0.12907347105224912,-0.16169377720540168,0.0036214207182371436,-0.3315326891016048,-0.143600006784123,-0.02098704515977716,0.11059121558973631,-0.0028393693155250514,0.010948737009521273,-0.02416836390895504,-0.15332483968187066,-0.13319085101267772,-0.08197299981922047,0.09596145082432467,0.02391781683204338,-0.23241808808515377
duke,royalty,0.10488270232623752,-0.06652729378183625,0.13059752094126226,0.27093192121280285,-0.009022744377727872,0.06776710358124066,0.16656368704087662,0.03536358883709245,-0.15492313897922158,0.14967779207471305,-0.026456023289213853,-0.06401291907757808,0.04643246729768766,-0.31004972993109764,-0.0979440557815479,-0.06698232124785206,-0.12712669900571866,0.07930768483167612,-0.0938777966163522,-0.17352337504032092,0.15079039050023288,-0.004878588543236395,0.10761505132681377,-0.11630494976054845,0.012185915267175093,-0.012274038601310254,-0.2029197497325879,0.04268500915796506,-0.07586997978556803,0.019150585063909632,-0.16774372832555265,0.3232497644777563,-0.010061847368046058,-0.16115448349509776,0.05479588540124978,-0.24699105187930712,0.07059417474608051,-0.25322970947830203,-0.24192527032129835,-0.04213233480679223,0.0792550431529483,0.11006017136729762,-0.028792851716102026,-0.11837512304445941,-0.20685312661986754,-0.10874265907446143,-0.20194346978818753,0.13582826133763032,0.03295920368444169,-0.19474989906457604
earl,royalty,0.1687700384337332,0.04264130330496808,0.07373495832392221,0.14749085346687005,0.10855351384611989,-0.028729015778327604,0.2163430267220781,0.10344714441108464,-0.05327273533126673,0.06618346689417455,-0.0945871777523138,-0.09343922086667565,0.03124240079925226,-0.29086055146497275,-0.27439795225244035,-0.07094769581414545,-0.15218722949700103,0.125024300253852,-0.26871300230495254,-0.1331954563450072,0.26812201846143136,-0.14403884625508112,-0.00949401766088071,-0.21477859259089976,-0.15117231239519333,-0.027330376401103917,-0.21776813388462565,0.14697029042475004,-0.030901988820147153,0.029613440500001396,-0.04273359617974518,0.19120736705385677,-0.03048398710485291,-0.11766853503371574,0.04555340031553965,-0.1277272152109267,0.015389532270435224,-0.28798672871698705,-0.1424921134137717,0.051133047899803115,0.08109940959732824,0.0866991677987554,-0.07481894350996195,-0.007471258856320434,-0.16945053947840555,-0.11517058409677226,-0.04507448326378612,0.07599338612131025,0.09736474486176146,-0.2507737490420971
baron,royalty,0.04178755489777612,0.04087435871602361,0.053167155229881274,0.13942195544168984,-0.12448081595579576,0.0012010735101768203,0.15502493189408886,0.21347468385416943,-0.18919667236305185,0.17741355183977553,-0.055064524016745574,-0.07328387128551762,0.0034860578764851547,-0.2547753095352454,-0.25279157740435654,-0.017574643306787468,-0.1405108253563377,0.05439001445550651,-0.15305310895811694,-0.20849570555780142,0.23082417890972987,-0.1321865244135526,-0.06853755465599244,-0.16380035266433995,-0.06916091178989174,0.005423376267743918,-0.16615069231971719,0.07478258681282632,-0.1186312861738087,-0.0876090534359207,-0.07603752993773875,0.21225090160650592,0.02176423801212668,-0.25261326305125714,0.17931163718380777,-0.1499056132904261,0.045223621277114524,-0.2276023783409537,-0.0961780472140969,0.08755001284662824,0.0003075517358988922,-0.049464053436358485,-0.05311262278105249,-0.04222955954130998,-0.18472367541644102,-0.14675831812331044,-0.05607009284633183,0.10968558649007171,0.014384825476975087,-0.33788970726584316
throne,royalty,0.017909603352011985,-0.09542796499439112,0.03617024603727245,0.273306778555643,-0.0862883639489971,0.11508844044184452,0.24970109025554585,0.11825841470854948,-0.11424534105010502,0.11563212388460861,-0.09749899389498333,-0.058600895645496726,0.17794173362104942,-0.2743212504948199,-0.1778310348444522,-0.11856607785310526,-0.14432532009732185,0.14372670740084448,-0.1628763488136342,-0.09660667586539265,0.24579501358283315,-0.0633568716629689,0.04504656703045982,-0.14557624167735495,-0.041556233259281004,-0.072690308110925,-0.20265861409213048,0.038890166539605336,-0.08860739483517929,-0.006103576452886607,-0.07458202203106383,0.1852708690523875,0.019478343240978392,-0.11433798528538403,0.14708505237832933,-0.11083180953176656,0.07624144556244951,-0.24962492594437613,-0.190627675669479,-0.06571258668483065,0.12794891661053426,0.0357632162960588,-0.0009862370265379082,-0.11410276625851809,-0.2685922963471495,-0.041967261300175286,-0.06696882195535758,0.18689878290922837,0.04988928732195605,-0.2461306802607794
crown,royalty,0.12248027787419309,-0.04841219138041061,0.0963710605531906,0.18794504156313166,-0.057298706542496726,-0.050255463010307255,0.2342875491901225,0.08089274593168551,0.004610851868898554,0.025944365247091903,-0.07558792686092852,-0.09011877114829359,0.11527857479014318,-0.25768615939344036,-0.18430168858515963,-0.16243735805376944,-0.12725339330436264,0.09411856269475775,-0.12291327186205286,-0.13850388035410557,0.17679486510415257,0.047468404483862275,0.13864095037233587,-0.2204973377044102,-0.10149019224065459,0.0972333858754006,-0.07291906077663805,0.023393272591205244,-0.10796931742639011,-0.05680089726922387,-0.1600461382973286,0.20854939997767769,-0.058310213454696586,-0.19169661336967445,0.11358153684138195,-0.15831446543997546,0.11644580384308745,-0.33133399500432054,-0.1312487747957208,0.01562777652044541,0.10094204902032955,0.06198205376941905,-0.07931990897112055,-0.020806912471667775,-0.1983135902857386,-0.0734385999604094,-0.048452799739398304,0.28642091119364443,0.01243336157992071,-0.2774594394155448
knight,royalty,0.03617577088361148,-0.05269478421035189,0.057413569940269714,0.2921798115004081,0.048834381838605015,-0.06760324444258498,0.18219176455983777,0.1397573706961698,-0.10092396027196453,0.11632783378461116,-0.05588074263627001,-0.15671922753888803,0.12586401080192125,-0.17468618564292487,-0.2879983277390966,-0.10487174383611364,-0.13134913303236975,0.06549732139072935,-0.09423472931533301,-0.08891569763761362,0.20391543152102184,-0.07968723415778994,-0.07078491606866316,-0.2510250687499456,-0.08152020512537105,0.12115398495027316,-0.19853100920883315,0.06800931880814784,-0.08876745593151776,0.0268496973089698,0.059801236127440455,0.23974076479764517,-0.030593530717066483,-0.09356813580836193,0.16012165950018975,-0.0704868696151626,0.06467936449664947,-0.307493241077188,-0.1596279201042632,0.09361142107516415,0.1559344896464575,0.054715525366798246,0.045468113867783475,0.024357308505683774,-0.13532160514126204,-0.06729986875802071,-0.0771129534324594,0.16311945107035827,0.12078502308935035,-0.30550907777408554
dog,animals,0.07379421633679988,-0.08488393034609822,-0.10413340039312877,0.17574919941622544,0.17330512884957205,0.1486444630994865,-0.21645317356783886,-0.0016761755924497488,0.09224519411568981,0.2880774347399295,-0.09425273770150712,-0.015336014234329147,-0.15752173534063119,-0.08845311779140783,0.12118842879256136,0.2297062529897016,0.02678333142405982,0.16872577195520552,0.02864778971289372,-0.08880654592216504,0.12376126265133819,0.17643360259277602,0.0027169838461359153,0.20102861562796803,-0.3351625946344046,0.03327449486879087,-0.02136451987689743,-0.02317997007931445,0.11235646732871311,-0.3151539566959357,-0.06913051164128693,0.17363943435928889,0.14063736473154415,-0.21874305858924836,-0.09897914812556391,-0.10994779978521903,0.07932709259711197,0.09578763365520243,-0.06764199617446798,0.045012667947380604,-0.06495100912081866,0.20619794490034518,-0.06916508446033039,-0.05748451722398966,0.05423170296073784,-0.2960118558840947,-0.049152471959346064,-0.0024581660309400508,-0.0020533208651788023,-0.021478709267926777
cat,animals,0.03302878208188559,-0.035448088312610024,-0.17088938854344576,0.17257926864284165,0.14485426835442688,0.200010137012337,-0.10189577141797442,-0.018359837837755234,0.08114922555153857,0.16756470333879953,-0.03222995788665088,0.05021331609884364,-0.14914812815246908,-0.13244121343080884,0.11270813826703154,0.2804218580243441,-0.049714815018164084,0.2501811615450675,0.05015103009754025,-0.1766786923043491,0.05988372509038008,0.18367166929954037,0.043599905004504245,0.18918322469189777,-0.4060896022188333,0.009590717722364972,-0.013623613845394705,-0.18409879600438225,-0.07862841717091237,-0.2443027523926315,0.013735753766252372,0.07652342397648447,0.158345685087049,-0.07798325355927008,-0.11754122479040349,-0.14005992160795266,0.22011899862873374,0.09864043533950188,-0.08970801023249265,0.07604831192791807,0.026184881783537166,0.022051794444850184,-0.11623357155167695,-0.087140756714007,-0.1150482119577687,-0.22870943450318526,0.14732948534802007,0.07508623160847404,-0.03241470194772909,-0.000806023592830688
bird,animals,0.13832997826874222,-0.0023835010882513764,-0.10221369789994203,0.05523356365066374,0.20507678923731854,0.1703913032926349,-0.07530453667914132,-0.008630679997443946,0.11755423358992771,0.11917672595799365,0.007478705087873118,-0.016687244089501455,-0.0432335891005862,-0.23036812392262024,0.23585069849955045,0.2246589476573079,-0.052052560537696635,0.12677189733590385,0.036545251836970355,-0.07441447123999483,0.08929513509958126,0.20480566501407832,-0.007131949356104152,0.37900350655052745,-0.30187031855693397,0.15595421565437986,0.016003178087628765,-0.03928386617672689,0.05277105420933415,-0.3751116849518631,-0.05049450517363804,-0.048569173366170504,0.2563025126295218,-0.04059810649826771,-0.15678940093211735,0.020008212122607023,0.0665328814222906,-0.04022357171464614,-0.06886235693794569,0.14588650484930082,0.12061626418054429,0.12287672318815426,-0.04234931380275737,-0.053694098368365535,-0.07217723190526351,-0.17373702738785146,0.08718528621256079,-0.057831675771502916,0.09323922210170471,0.04968485040410527
fish,animals,0.01233668937770334,-0.03787598792102836,-0.08005939118432105,0.1195848059843637,0.13544129248310838,0.11067956937014733,-0.1418822721316848,0.026704712914003156,0.0916502355692834,0.13818425671925524,-0.028477829140786386,-0.22132815140896575,-0.10804013988463708,-0.31603715318341463,0.11150113807973273,0.15172586887370548,-0.09852842230263545,0.2451780379708817,0.029156105205274903,-0.08460400397892742,0.05722923203955014,0.28877121662054495,-0.0008514018311814387,0.17562371115209474,-0.37101462438637317,0.1042938417225563,-0.08945916213947952,-0.07854667735732974,0.11559593278444612,-0.27517949477791004,-0.059986132353390724,0.03631402241678778,0.22536427703777642,0.05218517746639573,-0.10952516292305392,-0.05507671138866296,0.2217356181119924,0.07086550421748336,-0.10579330669521524,0.07261276386353122,0.011431076030229248,0.1593063866810158,-0.06864976124151646,-0.051258962628864126,-0.01654472852696732,-0.24984453147576177,0.05471491799525903,-0.08990000755698116,0.062075982426683905,-0.016033551760619883
lion,animals,0.10792307146798671,-0.23032093697999842,0.02363930173569233,0.08293792536767267,0.21997880449794857,0.0768914639109224,-0.08864788960080344,-0.10901091284200697,0.012198933162869985,0.2598011857619744,-0.08287924942375026,-0.014725085175038987,-0.11314844737572449,-0.14890346067754992,0.13021610860805716,0.22414953861009157,0.13270238345081514,0.14629994094768634,0.06596288119402459,-0.03355145550145169,0.1199074557728477,0.30034067878577597,0.03277675606929941,0.1652433145998199,-0.2934058839404331,0.05421823075331673,0.031051152694171708,-0.08963413888446714,0.009863708186991556,-0.27694655335448415,-0.013597517969751383,0.07846760628683308,0.31683303336201973,-0.05026294809515032,-0.13520916243997608,-0.017326793334608345,0.20758194361852159,-0.024215876056406526,-0.04339080363550307,0.11843481805069471,-0.0032748774427972444,0.2266418652184205,-0.11371059473611207,-0.04139604982714353,-0.06883688442222707,-0.21744379828658342,-0.02124622517236472,-0.046996491445274374,0.09593054526673521,-0.08555379167028353
tiger,animals,-0.009299432936635755,-0.15993783004829004,-0.11965541728827303,0.010578408774033043,0.2165722582948434,0.17132825475151253,-0.1430051813128755,0.07593245460346541,0.09289679933072086,0.10850552112883395,-0.18977104080308393,0.09376272957038387,-0.21328203052301795,-0.23794462000494726,0.15674477527344968,0.29925072243550377,0.06180963159558537,0.15771260430224843,0.07693021519898692,-0.03897640149911658,0.08532583077117153,0.2117870447099407,0.0007512128020971522,0.1975559499258641,-0.37485314888470755,0.09105711498869065,-0.07572377591977195,-0.043414805439075756,-0.03896641021290963,-0.3116798669274935,-0.018954081003195716,0.1172696127664759,0.23677111537682693,-0.14711036538158231,-0.1545365696367011,-0.016097043387231457,0.06703313423907348,0.030654387694367072,-0.039744478933403826,0.01615877394709547,0.01786513142645598,0.055821872029301646,-0.12095056746879508,-0.025631016472206423,-0.13207625932998832,-0.16518424639550552,0.03698899721843378,0.061854830623280885,0.012148833306130452,0.039915097280849535
bear,animals,0.054285999381217094,-0.08078829249749389,-0.0911121332176931,0.12027259198354857,0.15241529749679444,0.13746793666778853,-0.16249426036615008,-0.08333133112533887,-0.03333682400954177,0.24306741452290082,-0.14170473746875573,-0.06714715335958392,-0.20220092437847764,-0.12161335181305445,0.10076633919226936,0.26917657906276177,-0.049532029028783016,0.16178573117963693,0.003989358162669693,0.030893814592724195,-0.016487700866202232,0.24112171930028875,0.03158220362467567,0.25101610793475376,-0.39083148777696064,0.11170964822858513,0.015171498798342183,-0.05191163732984401,0.06924959459864996,-0.16007798910345858,-0.0642233885513963,-0.027682957659082436,0.20929303359362847,0.07451624153321919,-0.16393771800668608,0.02232667187426001,0.2301705564037273,0.015569627314518615,-0.043839085888248835,0.16896665608040753,-0.007917656915468738,0.1287188997166653,-0.13561213992129387,-0.10642729002872846,-0.09456743875779805,-0.28335898495960876,0.04493978081848086,-0.006809296629235118,0.014309153318675119,-0.12432762712261898
wolf,animals,0.0697393324036958,-0.007894818411194481,-0.225277566715267,0.11631963949257378,0.23255819063934563,0.06836232613924481,-0.026003285300816022,-0.021635937840720897,0.007526285446782853,0.14564613116936298,-0.039090585670024644,-0.023721848205234163,-0.13611121981674318,-0.2390378962002847,0.13449737610400433,0.12082014687167084,-0.01780023749759599,0.09808722810441174,0.010301789198685525,-0.023022930797614114,0.12191495931764477,0.2722265131603729,-0.07223213056213415,0.21972575498439706,-0.32613335674769867,0.13424055239836094,0.155049102759377,-0.02164746479317991,0.025757575128446807,-0.3225747738124306,-0.02540235170830901,0.04524518590108581,0.269086000748079,-0.020716826420213563,-0.17156741697407293,-0.1580241488151027,0.027642946869510902,0.0812768235962378,-0.14837640744426325,-0.0531542858931318,0.03858110680709937,0.3003634355759385,-0.10763844197723446,0.0011817106965232053,-0.05490948889928963,-0.22965572500973958,0.1014151737770176,0.022146364118519953,0.01712334823583151,-0.01618179321598353
horse,animals,0.009215748481917717,0.0019023373372837123,-0.12108293376551164,0.05015413987464208,0.20192814199687698,0.09271110731829585,-0.13422041048842795,-0.05071857568669613,0.12411699533064696,0.18893010126844256,-0.07930310538683225,0.022930443331495295,-0.08920283088225404,-0.15774903319359887,0.13239207264766373,0.1347976087672931,-0.08074113671933147,0.1428931086448397,0.019101925114975882,-0.1167062754860885,0.06226028689930687,0.28368323230078574,-0.01037935493529909,0.2851958483913225,-0.4205131076711937,0.005141546638883098,-0.04679984395855207,-0.057816258548337766,-0.06356716575990987,-0.28330773946801285,0.06365005795583566,0.1369231942880518,0.2257446760787486,0.012648071312168272,-0.12142672893226227,-0.10319955685506405,0.10862216516155664,0.03368105932716127,-0.11105221492617583,0.09425782390119794,0.026149936537604626,0.15722717571838313,-0.08547843285738864,0.02408935790357872,-0.001991797538767038,-0.3335426905573116,-0.11760436381944321,0.10290642542087736,-0.08780640314705283,-0.052604484559281316
rabbit,animals,-0.02286485773803499,-0.17564215145150228,-0.07311369269375051,0.145379972227616,0.12712398115077544,-0.016698507919326862,-0.16799320252235306,-0.024219573420377033,-0.04134272374610342,0.16659136702014496,-0.07707820320307672,0.0073151703483414245,-0.16811828220884173,-0.25180893959251804,0.2050695172540566,0.20533535725871468,-0.013171788022100256,0.10009653429266765,0.02927539378671524,-0.15867414397622287,0.04641182749429227,0.3530267958227561,-0.0928478177705325,0.14599633710482662,-0.32262057956948503,0.11724142746149473,-0.02868120844924841,0.018575475907464896,-0.023901073219443025,-0.19967110133276425,0.008179319441649225,0.025721632733973102,0.37178378610604823,-0.12079646510480439,-0.08126443676803813,-0.060678071743236486,0.22809049656138236,0.15141811605395755,-0.08210670791496325,0.033655377211047256,0.04464078910526004,0.11079081832507141,0.01640706249524538,-0.04336725603992803,-0.0854862542937619,-0.22071208396912909,-0.03855199036913211,-0.020264725600591803,0.07707516045385723,-0.07899153303737828
pizza,food,-0.2489409544603013,-0.027957541287637833,0.01785716336215649,-0.06985793867663191,0.03218530876138498,0.013753560896961657,0.17881460884759945,0.10520322988821501,0.017437945901089404,-0.023722178755475887,-0.18831980488291689,0.026599448089095503,0.03292528431364337,0.4518668917776426,-0.061045523322016064,0.09130104038527885,-0.0016160316288649735,-0.14403866638741392,0.2380930114882045,0.1296280570860057,0.13658853101301152,-0.06520096507314489,0.17058300468399226,-0.23582973551483705,0.022928760843031103,0.1905483587506616,-0.022809329152649792,-0.13675556938268166,0.0015133403159555067,-0.08336341951467116,-0.1937769911639485,0.05359272096032074,-0.0974672260545667,0.032623446838244856,-0.13386348546450813,0.22570879933690446,-0.1198099204891861,0.04355151044650051,0.13707128606735883,-0.1271640580289979,0.06686061956932175,0.24112271622988898,-0.20835048166955308,-0.0453461157785355,0.056972329314889006,0.07075158569299611,-0.19658607493034538,-0.1473870256405243,0.13806855042774965,0.04146357223338531
burger,food,-0.1700320918335792,0.03425296269627431,-0.03243299428666361,0.031377758734575344,0.008544548324258404,-0.03951956512393665,0.2879224549482918,0.043045268550416335,0.10180194599498507,0.025643145984423486,-0.25983876308278875,-0.06794678374660555,-0.003077164093431075,0.27943444120932875,-0.05588209180497881,0.07067731793874778,0.08334858255457536,-0.1330430771449139,0.08745771125220447,0.12237718027392992,0.16711630712773054,-0.15179781568665787,0.1775805059474627,-0.18373880310437388,0.03591889623643725,0.3224392630620018,-0.13674241924594918,-0.05244869731059046,-0.03360866152843852,-0.08929899875890553,-0.16606681213273683,-0.01060468819099766,-0.04889934712310794,0.0412942955163755,-0.10918569573893641,0.253102056342016,-0.17776637245354465,-0.13509314487903645,0.026752450975979693,-0.09553407797974545,0.0008840511904573754,0.3067309904156798,-0.2412840684950283,0.03401785254244906,0.11539507352569253,0.20852083848670447,-0.05427355118098616,-0.11018071612319612,0.12261310656453495,0.07028466141231808
sushi,food,-0.14319166459278024,-0.08315289508506693,-0.08689789829196226,-0.10423002976190586,-0.029747821169541732,0.028891814355701977,0.2807658176209962,0.07220370020869375,0.0379906895405266,0.06699836891575774,-0.3080942787346507,-0.013485850780477239,-0.029376771333462306,0.22264573019130313,-0.029238579212456244,0.03279430405618713,0.07401537287880856,-0.11885057642253488,0.09508894267432542,0.19371529529845638,0.16594343656068047,-0.0877479882039735,0.1701917757262851,-0.2315949040910256,0.056805060120393346,0.3405850695789668,-0.030700106322867394,0.0066146334019186225,-0.012436678353053898,-0.12338607255774861,-0.1938111267703244,-0.08285369935740912,-0.12101438751506792,0.053767110300039826,-0.14342674797771,0.11829284447349502,-0.07494209167063444,-0.06940763257834381,0.04481772613089213,-0.3086548841901192,0.02807397280010714,0.26147982733646324,-0.12230397939305185,0.0002328567687603482,0.0024640272921864228,0.12572195371470588,-0.2122279315524316,-0.155605663424211,0.10743965471269303,0.10217181674398629
pasta,food,-0.1907835732113753,-0.06581910768492552,-0.09096002300783435,-0.14852177512082979,-0.03301702379610206,0.07222677592181286,0.2951508224071319,-0.0192291731626717,0.1120275805595848,-0.023974614164343946,-0.25264014120324296,-0.04265447072776755,-0.11921622485850152,0.3692446848413299,0.01341991067006772,0.024776973155677322,-0.0010375913876736179,-0.12614222714588025,0.0678757661325918,0.07082613294084533,0.14533754148859612,-0.18497274096490848,0.19927585030400913,-0.254890279657577,0.10138400627464196,0.2852643896880622,-0.21453027498320348,-0.013161071825707285,-0.02545453814176996,-0.10848187063841538,-0.19275027287468047,0.06921458279770461,-0.19251388807574296,0.06531437585760771,-0.09803724701490514,0.2395132170560461,-0.09342035002500537,-0.06146159834038358,0.06324544894626737,-0.15682951787453045,-0.026399705208158195,0.018168547243318393,-0.18782461127176947,0.0715989810302736,-0.08983042543134688,0.04954056933255347,-0.12967973994666482,-0.06520872949347381,0.06950835912252899,0.0007581225996798561
rice,food,-0.17513613795892766,0.01521368838840912,-0.07072374334571936,-0.13200593409586067,-0.04169571288784891,0.0026731017586189582,0.2276965002665115,0.09700235418641234,0.045507684920076015,-0.020635574252804514,-0.2394906538324722,-0.0766877862475214,0.0486481923891162,0.2861548393552212,-0.031126547464255725,0.185755997225538,0.009976079582503551,-0.17288478450196457,0.11439568094125611,0.14251945405352426,0.09840140552572225,-0.1746854319120601,0.20831034788270275,-0.196382595489415,0.15721070263400222,0.30855295343168976,-0.13759594496326077,-0.006340683974235971,0.014918171761290053,-0.01910354472660219,-0.159633746016217,-0.03176504429873302,-0.15527494136426875,0.1041944497009904,-0.12393233424251401,0.16336403293193594,-0.13710616650798496,-0.0179570587189454,0.19278446152742648,-0.19506116260067705,0.027902127833851657,0.22025785537550563,-0.19288007044386213,0.04301340917580343,-0.019422211265223793,0.1121444210761325,-0.15434365787773469,-0.10896990186040671,0.11729195441992042,0.15681465988474716
bread,food,-0.15477163846792,-0.03796678541939063,-0.034649608015297755,-0.12338965933287716,-0.003385986543702306,0.03738661240801035,0.2554734356436036,0.09175224565917992,-0.01897073880434088,0.049890461292335805,-0.18202565402302548,-0.009643338571341255,-0.10311571924776444,0.2903299559693003,0.042688990985160005,0.03823791900144825,-0.056811881991983615,-0.1792353355583912,0.19342191415106316,0.12693133055188183,0.09094698474068581,-0.13811117811173007,0.16295454704375542,-0.23157407171504582,0.1612435601718041,0.2695912706720187,-0.06586660896776457,0.005522355075063377,0.06525234497168317,-0.08841845390753689,-0.18166553333936866,0.007700508611616013,-0.18619197304946558,0.07889982665907509,-0.18190991536032933,0.2648152888025089,-0.12673173906357674,-0.03159434955364385,0.12120426370550609,-0.17450637657147702,0.06043490931376436,0.1460966846292994,-0.16463801707927483,-0.04626184964799412,0.04059633830442369,0.20366449978674647,-0.21408560608971128,-0.20813170825267352,0.09513767042009004,0.04823120270012884
cake,food,-0.17361594810184722,-0.03063123573898224,-0.012094244926977665,-0.048798196241931276,0.00035969209922995677,0.04187469128311038,0.29344700314497696,0.12724259596995538,0.027843620952894887,-0.063211785517259,-0.20095896896095986,-0.01016632221418599,-0.11012865547042797,0.38153975864251705,-0.055346639782404235,0.03612700448630062,0.013354297994555774,-0.14874821628114054,0.19424162310990972,0.07866296255407125,0.1356494113041657,-0.13795479733402854,0.23123743427687934,-0.15735684633023048,0.028958025487340614,0.3573906925699762,-0.16405815670446097,-0.033096235548550804,0.03357165117845488,0.03156082459098487,-0.22330376349108355,-0.009689420130117978,-0.14569740637070094,0.04797079720456788,-0.08161878674543963,0.12300534173839778,-0.16403154580682544,-0.10200623823549036,0.1625221118927197,-0.07442583196496082,0.02528160876343828,0.16878175402914147,-0.2150543759075443,0.08841813976088396,-0.015121352775149597,0.11943263135107737,-0.11530724607981876,-0.1524980777789694,0.08139096103068162,0.09495610249828744
soup,food,-0.33212984938152607,-0.019887266912802223,-0.08039566853938124,-0.2041377732330193,0.00574625171367928,0.12684550092504537,0.24360443395602757,0.0739281536518354,0.12005400301444029,0.060065449513508014,-0.1679876760045381,0.03596280457742481,0.01202635192584324,0.24244033193636888,-0.03868310284816847,-0.0047559760173882795,0.11090205732821201,-0.1648278214977003,0.15858506425400182,0.1293747780750104,0.10755072675130514,-0.030778635081587465,0.15348070065129046,-0.17613209644507152,0.03856110145090108,0.2211543969483833,-0.16432385249812503,-0.07730508242593816,-0.0095873708504238,-0.10382205969560943,-0.2811166062188033,0.004698700172944074,-0.2213865655731116,0.1034456887273995,-0.11792375406792005,0.12862803337832682,-0.12064934039889112,-0.08286726150817547,0.12520561291661328,-0.09241346437476404,-0.06952240663240283,0.18000925441908938,-0.22236359912970158,0.060284951261869786,0.045916644997790634,0.06399185076392741,-0.18152833116153505,-0.21801760648512314,0.12668987588812078,0.0406417453464398
salad,food,-0.0856569245085437,-0.0581919592141013,-0.08188777290524997,-0.18412837060799134,-0.11543202974253451,-0.030030993360403366,0.26067922498684104,0.049449382295240714,-0.04903843328241948,0.037089462088689455,-0.27623847758955355,0.004212034589495131,0.09222597193692922,0.36910060263043676,-0.03920884001548852,-0.007184510426768339,-0.11711880763934997,-0.19048191306680362,0.1384296023901935,0.04670182392595213,0.09659592444039304,-0.11492259882460251,0.1717144718533803,-0.21736195137735317,0.08558165130856303,0.30962210387756606,-0.1866047032417001,-0.0002517513074686691,0.007875966630788647,-0.06486592557527612,-0.16576666630059853,0.021169096487580943,-0.0890778145268263,0.07696528637549281,-0.15229759590456593,0.22163681866163906,-0.16228308701025052,-0.036444410431222006,0.10466546097143453,-0.1718791612224897,0.023025797321810003,0.07251316038445876,-0.23895896663891045,0.029006645944849127,0.04235473807551005,0.04849261596267231,-0.0955676683109695,-0.2180256650332998,0.11898741250272943,0.06119406681689009
taco,food,-0.22756618212859758,0.039355485567045746,-0.11150430680079226,-0.05908720818727204,0.03248554326689116,0.018462767410167998,0.3321560798323177,0.010136533037662772,0.05071418006363868,0.004035462488224554,-0.26816618121671426,0.0404880267181996,0.051339271428760824,0.2397975371327446,0.04477947185518144,-0.04941197117383232,0.05143185717190172,-0.09761356504521515,0.0960419859498624,0.07988686075590531,0.04741355020867344,-0.13532141818802773,0.17396256641843533,-0.1481867653933061,0.15104092347299966,0.3736974273979569,-0.16523751514179927,-0.08836748250449226,-0.07799937286174724,-0.11227304259979332,-0.15834732413917987,0.09717853257780719,-0.2115484401514544,0.03216734728890683,-0.12643427468370308,0.2259534015875166,-0.15051262557858522,-0.02072425052026954,0.08483202983610551,-0.16812538226439847,0.06063136472825542,0.17805896909753943,-0.24227300211349612,0.019140786295295198,0.030526517106591423,0.08616939499582262,-0.1822405338066956,-0.09258355095288207,0.10146284590446661,0.024307347445677495
computer,tech,0.07825524154461325,0.03148108375713026,-0.03116385655815562,0.056200777634769584,0.03698585698191206,-0.07914089082426604,0.1829577987073816,0.0034192562018605954,-0.24674922211127334,0.10552778937737521,-0.041646807009030375,0.24833586483107772,0.2090380146191014,-0.09172027109248004,0.03592151984453776,0.028936667430464257,0.07495396974966931,0.24373011391617114,-0.04622583396853914,-0.13936287285441779,-0.24857682085552407,-0.07638808073909734,-0.07484341364987131,0.0645900216330846,0.1635741436849627,0.06792836613514855,-0.14772263117035334,0.19799575892965043,0.025981900774984776,0.5180068533482102,0.019789857634384664,-0.09735842861241933,-0.18585464279098962,0.06506941572471857,0.12335062970799261,0.0166797320187073,0.084976507443216,0.016892049029882988,-0.060986598932425536,-0.2181809871155275,-0.047800342385157034,0.10345909657024083,0.04757113717420374,-0.2044840699160698,0.06236614750992294,0.03511131224815445,-0.10837936088287772,0.020998188125464133,0.07520268336037284,-0.17203195835612348
phone,tech,-0.06509078559365317,0.12078469288322362,-0.14790123364534855,-0.004150875604480117,0.007777057523349677,-0.023352785354217098,0.14352900259988827,0.24532946086531765,-0.10910149686064326,0.10583339334697864,-0.14141963224421153,0.12789220722420555,0.19397884801521903,-0.07983041974603618,0.16823504208603762,0.06365664645578617,0.10544681299590741,0.26056224040800335,-0.04588243851962229,-0.04260132263606567,-0.09252954092136226,-0.2826529824523563,0.0262875485921942,0.0594612283404084,0.038199575344826375,0.09532264981863613,0.06564799089376758,0.2600316883448051,-0.0814213373412433,0.4090862252367742,0.033630132781770836,-0.19993286408406935,-0.18752750022491138,0.1174093998540779,0.02238945734927291,0.13043618861505826,0.10830619045057692,0.018963390195162078,-0.15656667094494425,-0.190436211048251,-0.017928785831787905,0.1643325206888929,0.0978602169870127,-0.13656364559843193,0.044521477996605066,0.11541542341932111,-0.12692159342226003,-0.02824091768122471,-0.0009958392190695575,-0.2044631276900107
internet,tech,-0.00278538223002572,0.04106425153223942,-0.1418398470893086,0.015517006832036962,-0.06606533005309237,-0.08949120496285817,0.26550803010003604,0.020912990297660736,-0.13196825340928658,0.14676074048275758,-0.23014724131061684,0.06857227153534196,0.12106107463422644,-0.17024371503023727,0.18426028455944027,0.04769531018818642,0.10189983392584803,0.155818408338454,0.0012489817209319293,-0.17775487480659244,-0.12313857249987847,-0.10027873432964217,0.06646202009526547,-0.025946238552380107,-0.13246744699927201,0.12814379018865882,0.10431157587054653,0.2772957500322057,-0.025721012053570087,0.3590146063121115,0.13494323535552813,-0.17734749326751031,-0.12524527427643992,0.09740506486437785,0.02854191154072466,0.2586233847755985,0.08965766902500044,-0.039324832936865964,-0.1219267456233052,-0.31618675263853085,-0.10305874383124841,0.09854681147271994,0.0006342841294954864,-0.1685583082743855,-0.022163463344828396,0.11861279103103135,-0.1257325724019998,0.021340861656957373,-0.010378309651610317,-0.15377629612101765
robot,tech,0.0926518855852295,-6.44580071832404e-05,-0.15054440175710757,0.01767762071280523,-0.0391455908483148,-0.16631002953211,0.2673726513125426,0.13144325476122126,-0.17336816463560606,0.1171434126900628,-0.10123672514734747,0.11684756793798216,0.20983676022475523,-0.13756902080975222,0.17069363454867972,0.02867619932606677,-0.024493009189259545,0.29415245572811877,0.051663714128762785,-0.061166009653683365,-0.08033462013484947,-0.05128815687667043,-0.006645457151968172,0.06704373265121231,0.004728901153393258,0.11183909214256196,0.04138546467693609,0.3088365327301742,-0.05114090316384775,0.4053943372010646,0.09988908530279242,-0.09842019545029371,-0.26308716246004904,-0.06958480858253127,-0.07081013317599684,0.03602379068118433,0.04308856795861827,-0.021057552158450114,-0.16408180245509424,-0.14904240615561,-0.05040383124285126,0.155861770160036,0.07389023101421492,-0.27151994837682925,0.0939755107774392,0.05665922175990567,-0.09825905433107579,-0.0438923430638466,-0.08990083268655816,-0.13020251306720643
software,tech,0.05587751127718804,-0.0020024468008738834,-0.14321151627023673,0.09507972377470679,-0.025453735467222047,-0.007980889339333781,0.2097585364118948,0.10159488465043948,-0.18429323050929608,0.12509062077502586,-0.1661218651875624,0.1005886394326659,0.16370261019241036,-0.170194360343045,0.17550943718157022,0.02890946166549885,0.10179419048114578,0.20885668313686193,-0.17698847900050937,-0.11566087274727861,0.010523514534320409,-0.06993713647654926,-0.011815638374706982,0.03288026481032157,0.039802177827442484,0.1457390160861324,-0.06399554404907701,0.26461616621589673,0.0029949030698896177,0.41901424937822407,0.11160793940924414,-0.11833085860610121,-0.11170412437261037,0.10020279458241386,-0.05086490720396057,0.06751164484862386,0.07161065761270148,0.076180402902231,-0.18703594953744354,-0.2928428030229198,-0.05302885114099243,0.12215437201674965,0.03948914822479728,-0.15996787960947498,0.011689431931858209,0.13671514783116281,-0.21236292581821706,-0.024754518171129256,0.0023555542244018367,-0.2508205599677194
data,tech,0.025829092657569677,0.1449569350612518,-0.09630044460963245,0.0465299452722042,-0.03025110182975279,-0.13776808972057009,0.24598724464355431,0.0497147001455708,-0.09730060482740717,0.1261166158069557,-0.203486549452405,0.12698496159902956,0.19468613330630705,-0.05227763903050043,0.22876744387034173,0.0009668108904962768,0.07136000469809127,0.1998300646948024,-0.048603428957846466,-0.0813210504499796,-0.0709103055609034,-0.12132226358070697,-0.029397633754202294,0.057615829842577,-0.008224879870278964,0.23843180091813662,-0.0903349700044773,0.2189947298364424,0.07810843253216782,0.3903931723713609,0.07880610477154065,-0.14339407288485737,-0.16388423282773407,0.14790694362150728,-0.1588888289036626,0.19031173029832898,-0.013813461011922993,-0.02573428702289282,-0.14602582296928743,-0.18343719604860634,-0.15567109295488615,0.1492913768651311,0.1467894515376009,-0.25678513395676306,0.03570936764056202,0.017280154813710445,-0.10229815272015412,0.023138399690517175,-0.028443522508227966,-0.135893524380189
cloud,tech,0.1283500176375334,0.035655716356170236,-0.05176624746074218,-0.037631833869866606,-0.01181569018793146,-0.06935964762113357,0.32468247103965786,0.08133207704064088,-0.1738023537495093,0.08663804506642682,-0.19470284160108312,0.1358298544885613,0.19954571525688344,-0.13221628011588296,0.10235969022772115,0.06853366581106662,0.08546338080745261,0.24691446136583525,0.07848348445069324,-0.11254961840322891,-0.13635260494559498,-0.14189416925064646,0.02911940005996043,0.03546767470113703,0.002236557112473698,0.1789744897017603,0.0766804775927486,0.16018332994583953,-0.13350401025798278,0.412308462988947,0.04644520099968405,-0.07140832323385228,-0.24540870057981579,0.11082877976128588,-0.09345816535826272,0.13284833097037915,0.06322856160280428,-0.05998860672283016,-0.13328426061196189,-0.1637418416078224,-0.053355140515757016,0.14391889315595588,0.13263233146619052,-0.24705908292722614,0.10826168002186821,0.056378643923091734,-0.1641446500783295,-0.04995483193580219,-0.002302281698733519,-0.10222120337723137
algorithm,tech,0.027628091688866728,0.13170608079647822,-0.17458521236855667,0.0314986100754501,-0.028793156865867524,-0.07879546878826865,0.3075550552261649,0.04231726931375711,-0.3092807718253789,0.10195828878574553,-0.11080231935297473,0.13141415656047842,0.22893654819745377,-0.173007470001694,0.17111808917638285,0.12323977248113595,0.015322164087292792,0.28042522908374956,-0.06192017710590789,-0.10891296662360624,-0.10394043353204833,-0.1399875232542409,-0.048114648473329684,0.04914346579345628,-0.021912584615121685,0.05441224204990125,0.039439545339236666,0.13767652837784183,0.00025875101052089025,0.40238632619299,-0.008955106478860405,-0.1562593599212926,-0.08216808230595381,0.01246633430361929,-0.05667975253588742,0.12449198756159148,0.10894739830049253,-0.02402297444738694,-0.150388727567698,-0.13101204446962333,0.03449403542825978,0.172846557950558,0.03437991922517389,-0.21732102612394663,-0.02202190136933774,0.0823168764495247,-0.0992387764660494,0.09894326094704015,0.04409852367022448,-0.24158124406174844
network,tech,0.09191543955142054,-0.0072264801554284795,-0.11414439778745705,0.04550556272668072,0.14943415238408092,0.07251888247023942,0.2887062183041175,0.054846809834603105,-0.133846592235894,0.13851780379560158,-0.15102377565666933,0.20609872719583586,0.17124453493381075,-0.08511195882723199,0.16838575983733975,0.07961165660511033,0.15851200578102886,0.2259151949243815,-0.06417902664214988,-0.16346350149794264,-0.09772691292259812,-0.06904362400552849,0.014515310724452373,0.13842649645967828,0.03758002133633147,0.14989155005182805,-0.05801314176483432,0.1778266725297712,0.0018564970944191528,0.41897148259765904,0.06957009369523612,-0.12128981498609137,-0.22976973757555835,0.04650882283002341,0.018168947408098622,0.12927065521590642,0.0922210634038512,-0.007246115029336549,-0.11556231054819853,-0.24359031302661097,-0.022864609078068233,0.14032143645606118,0.05626359782613781,-0.1993870403874233,-0.09422736705367467,0.11285252088816615,-0.14725056601354622,-0.026205856104924742,0.045952836194755355,-0.17797471251063676
code,tech,0.10477002213452116,0.0921540122025604,-0.06315972518838459,-0.048795922313023356,0.12082921769886046,-0.09473270898914951,0.26687956475223534,0.08251341791134656,-0.29542031900489474,0.12737896782814798,-0.21536449291509563,0.03821556518360483,0.0853815052652966,-0.05834581501967011,0.11054909706869046,0.1594184398924821,0.09440469372838732,0.188556288452632,-0.1074931628035273,-0.04029631402596676,-0.1478615988199036,-0.16079367194276137,-0.002034053192269502,0.0841719184189946,0.11240996999209703,0.2184949561619554,-0.020334532125045556,0.143394297040397,-0.06680175149258703,0.43871656336285897,0.037306420019282444,-0.19262117696230655,-0.14498842281616645,0.07192300496482226,-0.032674290946020534,0.06378190868089341,0.059195568230454264,-0.06874024943466585,-0.07622629854035254,-0.170987268320708,-0.1840732968830828,0.07527564857865712,-0.05973002508959401,-0.23389905470672015,0.02171706174663018,-0.030219450457050136,-0.1945758558435571,-0.03850159627115054,0.021920540130866462,-0.17323734197610458
football,sports,0.009241168948912184,0.08446547412771639,0.11561157754254621,0.1264134145426724,-0.09473429443488952,-0.05371983163060428,-0.0006416339499193852,0.11311039501568947,0.11229817740352598,0.4538741204604788,0.1201621018221813,0.23416300042100163,0.06754209016148074,0.03803746132567084,0.012277718154508845,0.11603799382910669,-0.07386194006560547,-0.013453065448783634,-0.04401546952063708,-0.06001603827711508,0.36561979493579627,-0.1871750444903281,0.07951548597305001,-0.21802838321602247,-0.14503621517604728,0.1731610573284246,0.039202816725035436,-0.14747667831533617,-0.035519230053037566,0.0730236091853887,-0.06748062092885666,-0.025600895822921833,0.004835229411810397,-0.09648021555329156,0.2988087141140472,0.0650174612280998,-0.2778986679365814,0.06913230150650425,-0.11188165695758613,0.02806129196478867,-0.012397001924966804,0.05856222892614448,-0.0015940174584024537,0.15269525840111892,-0.18745018628691046,-0.030643201766768484,-0.047783299205843024,-0.09992434400586771,0.19419948325379535,0.017222485400784828
basketball,sports,-0.0010439606537893426,0.027399010072082973,0.12689133262278215,0.09220857986108749,-0.13273846642462986,-0.04119980822165516,0.03400180117483471,0.07323214960726437,0.08589196666444159,0.48555688170599454,0.07223796039683511,0.17211974721505818,0.13779076486590078,0.01878131725901714,0.0038917743217196437,0.13382418930705067,-0.12952961348003575,-0.026628640515964475,-0.025473895206457816,-0.00022242909659788833,0.32965098737677134,-0.11073662095250461,0.044676615061307476,-0.26012301030881196,-0.04209821037611474,0.16550437956037511,-0.0033719628241100333,-0.059643245049654965,-0.15026684973916565,0.11494747048164203,-0.11686322263880262,0.10863336583098449,0.101228815394505,-0.1151274169807333,0.23116734313409593,0.11746912369856133,-0.26190845336124435,0.0202186388337198,-0.07828811748254183,0.01015967786590375,-0.09587984589008523,-0.04693068789027514,0.03697220800261106,0.1733895722685856,-0.20458933064701887,-0.0011076063962816665,-0.07046681416248826,-0.09193648800189964,0.2500874819768764,0.06499696879086797
tennis,sports,0.0736479419167202,0.1191444881052541,0.11945483526883444,0.10165708576451737,-0.22768385931663587,-0.15935087104576462,0.21297311805330588,0.1271371572841312,-0.003189816784396648,0.4177024270619374,0.09596785669328718,0.17021928413810053,0.147483157775143,0.06904537403857483,-0.045926987869144564,0.11186337839881723,-0.09280482526007845,-0.14132314607415417,-0.07254841671675266,-0.032509918578584276,0.29969567572408656,-0.08459763030861987,0.10471663564594,-0.21843416246866554,-0.012970776333095851,0.16111486745914272,0.029195867526513725,-0.10493677346125227,0.013486340046733807,0.02855802626806427,-0.06797777285511328,-0.01936529916244784,0.03365208494338283,-0.1280692884816186,0.24845340882523703,0.06483210666572035,-0.20545074581711845,0.06960174433597942,-0.14578886132874858,0.10988856062768622,-0.13526750081319014,-0.07768275104297483,0.05255361610171358,0.09329420080516845,-0.02885554713520641,-0.020273084443630296,-0.12893860754102057,-0.11049578999432104,0.27321209353991277,0.15587849668003087
soccer,sports,-0.03195354400765589,-0.02208573338803293,0.21156779060936926,0.1397386054686927,-0.19927057927012368,-0.08363346795442171,-0.062295802263995365,0.059508571260898604,0.07464632316760429,0.4877765672508274,0.019099181369192742,0.1351400723098722,0.0674443111083847,0.08704955254510106,-0.07779212195807568,0.0688186502745979,-0.13529150385685026,0.002730419975488534,-0.01640189964412702,-0.00138324770961158,0.2691564524891657,-0.2826431904321089,0.0654293657022895,-0.18862092805330544,0.06658408590619568,0.07441385415828615,0.0750823836586217,-0.07843828296032139,-0.06966428762240327,0.15976958220795182,-0.0671777519366293,0.042987595301583914,0.0028098618321007246,-0.01873421471156648,0.2983342861374391,0.04431906123488455,-0.29490445809438137,0.012159881895613501,-0.1134178359716795,0.09553782400924159,-0.03437247909932421,-0.034385373328844324,0.05635738820030707,0.10269322842462843,-0.09945401827234726,-0.14246594758046602,-0.08290014919334716,-0.06570964335698372,0.2593987088333298,0.024053676256909788
baseball,sports,-0.047137937103449296,0.09703594996049111,0.09946430323223344,0.06934914305409383,-0.1952801635680151,-0.12139078940508287,0.03277502140011415,-0.044210878079995616,0.10486020704146833,0.5234983529528561,0.09977545165760886,0.08165531035466539,0.10480392774250805,0.077850443016734,-0.009089771867037376,0.12315113858526244,-0.1279736409340091,-0.024481350497111823,-0.036292542132707314,0.07970080137212714,0.3115613987329099,-0.18618876968733603,0.0863710356580152,-0.12581823488112578,-0.03696155556333894,0.08933785384741914,0.07507200119098442,-0.09582572782014695,-0.10709776522299996,0.058533447913609066,-0.07340508457165539,0.04820574359080859,0.014937981025417199,-0.06324639494746552,0.3388560800115305,0.12749864809072847,-0.23385613635043223,0.06755440241470512,-0.12896975141113748,0.12138706618740468,-0.008255414373561094,-0.02423349144335806,0.019911153828237604,0.07258710818686488,-0.1963291684003742,-0.07780523790514161,-0.07477447972001224,-0.14586019720783577,0.21259467470102641,0.0919029967599516
swimming,sports,-0.0006578101747920769,0.14461595137173383,0.15932756768330458,0.18143969922769992,-0.20306949160708748,-0.07376415006765964,0.00968584481354993,0.10765891725283448,0.07225034880376932,0.5042113569686175,0.01245700053515668,0.09622981422694894,0.14763512584382468,0.03366977329140566,-0.016087449670446487,0.02625171763488023,-0.053657807052433476,-0.09032514575298324,-0.032728131089882186,0.04110472392075827,0.2519737293605748,-0.20228377165995662,0.09782627203565308,-0.22626865376842323,-0.10833574677213775,0.037611386872728324,0.025264830055036016,-0.2108495203135832,-0.083807590222243,0.07106656788454829,-0.05677092166266304,0.011836669659872661,-0.010669206121133373,-0.0444123384504354,0.2819263545220497,0.0941065122057025,-0.22740515470508793,-0.052942338119587366,-0.04443943333368163,0.13581927192889678,-0.14841494422882454,-0.026283219214596965,0.060552457650335165,0.1004895594664671,-0.13202367783871788,0.029461043396996144,-0.0052275465839728506,-0.14581877365735277,0.2492920981125149,0.11591015717388553
running,sports,0.056567453748181125,0.11006158330337269,0.2083801234818343,0.16150754455531566,-0.14105098213857017,-0.05737084721168018,0.06324278426868049,0.05776350185257816,0.04133277593371324,0.49426187907798175,0.026877976267996043,0.19298894587302692,0.12736486901020044,0.010117776773884658,-0.01856582387376268,-0.008944796754958743,-0.05768346357613969,0.01294390520320684,-0.07972321713766281,0.014491252629702035,0.34175091770955335,-0.2284243881401657,0.028994725781776462,-0.11258623933255225,0.03455818130039702,0.12035412366484688,0.05175015632882736,-0.059728944306111066,-0.11173050399771758,0.05358347522258964,-0.026270678873626763,0.09828339470829792,0.02988069459799858,-0.11076238608095812,0.32436128819356586,0.04652568834337647,-0.23831756024645726,0.03569352839840152,-0.004428426268265691,0.13178821987118197,-0.0691570370502718,0.007790026860542211,0.057658203414592185,0.12019762928666901,-0.24415881232211767,-0.050014977724045104,-0.041767044276465035,-0.12292648150703243,0.2119147309589087,0.035671870306924966
hockey,sports,0.12701755897047587,0.14259728344628655,0.10745540881913791,0.11904755760390047,-0.16863115711700846,-0.13402897915290823,0.07106485888842647,0.02522108142387788,0.007525535990640973,0.4915223054261578,0.09858476219816015,0.09752270427594358,0.15723475053133076,0.047783594857399185,-0.025644085907627852,0.13026846053320196,-0.0942190881119229,-0.006581354960824992,-0.08291490581266381,0.0003939432055047144,0.2674992050921538,-0.25954027715257005,0.07376167401869871,-0.26748103837171333,-0.08009385333402437,0.11683470114797818,-0.004576549004616784,-0.14072209802502098,-0.08867563117727009,0.10441714950143592,-0.04560263848142831,-0.0052063320336323375,-0.05221113003450442,-0.12802898432051624,0.23355701594037823,0.05909442780654359,-0.27958125259465105,-0.03978278072452137,-0.10116500475241984,0.11084360984691796,-0.06644703707566386,-0.04046740923811651,0.040716954566118846,0.05932514634183164,-0.14533896241753988,-0.08075044309957283,-0.029441635911610378,-0.16388916030339248,0.19431728284997576,0.06296185272298277
golf,sports,0.05300161161600421,0.2012804843922297,0.1502811648184544,0.080141215000244,-0.1739831154079433,-0.20254931257407305,0.05932686481159627,0.022188009130851356,0.10828409307240307,0.44641994141369595,0.06441280087545359,0.10830113767816218,0.20269907267982903,0.0642542831429483,0.05133439838917973,0.1332815045136711,-0.07127138393982468,-0.010976478215816723,-0.0402862066756671,-0.08468965313395588,0.27072199466282015,-0.18791141480830242,0.08192559739773715,-0.2672427872925807,-0.06056776156734083,0.21757400124600287,0.0691870816273923,-0.13548311466669336,-0.04113155747060104,0.06549548924166092,-0.1734989848255363,-0.018841228833917846,0.08242032409301515,-0.09353748810470701,0.2514891524448493,0.06315935515867031,-0.1552599380553026,0.10283232021950893,0.027737618781911832,0.0969312029216873,-0.08285576824358626,-0.08864627797316543,0.1346493194066666,0.0489860987281167,-0.13683970745700255,-0.09503967969353207,-0.08730668965627275,-0.12143620471476442,0.18706379091577294,0.02326557395344216
boxing,sports,0.017491000425122208,0.11293354789124178,0.08097631632851746,0.14424516864366943,-0.11247475165207274,-0.1443822072614925,0.028781331347165765,0.05324809468568341,0.12465734111229833,0.49643458298685605,0.045269103982544044,0.16787695147939183,0.06480631485523133,0.11669964502195303,-0.019176756770784904,0.08031190336067587,-0.13998115282316978,-0.07470956587566262,-0.034284397186804254,0.07243292475749638,0.2601594089456532,-0.21269001293568704,-0.01876301172528715,-0.23323418790831488,-0.06117757677128665,0.09158247094612976,-0.039195968346629244,-0.16986506459992165,-0.07558558739558267,0.07637368412369021,-0.20533244376199947,-0.07980359766682207,-0.02490452403177412,-0.05917816851715266,0.13198371196185646,0.054820726750363334,-0.28237763536860194,0.09369334152620616,-0.10304080189930438,0.1270181689782145,-0.09296435403755005,-0.1221343882086496,0.10259556602900029,0.12023356129482747,-0.1259268776563399,0.15611491555294146,-0.16528439353083507,0.0046164556371577365,0.20846689668251195,0.06566878700923552
happy,emotions,-0.16862803272963744,0.0986342730465536,0.2497239357255388,0.15349078315418985,-0.28031170310847686,-0.02425786422711131,0.14507507972006276,-0.15288809470185633,0.03477982298988655,0.16841774190782216,-0.15043166278859668,0.011055125426216209,-0.4658569429925483,-0.09508152953651892,0.0028522319295177026,-0.06701670079067282,0.2059499660111811,-0.1532812587598958,-0.05284156880004506,0.08557235866275291,0.15210277412204398,-0.150009201739606,0.1430779778185121,-0.002035815931464554,-0.12455824022486307,0.07422277219447158,0.020113735535919216,-0.06780664718345895,0.09242248138593163,0.0011688812001481581,0.060799324526506694,0.06326933368035594,0.16219867962231224,-0.11281015439385124,0.32740465198516366,-0.1796929911034383,-0.05186070361866402,0.0654555293184689,-0.04941180561202347,-0.1027897686419047,0.025115256194649056,-0.08959460224837006,-0.04392367290881199,0.1019609109843636,0.06415571409230102,-0.1518715123140275,0.12309171304290159,-0.11722128279666626,0.0973075225783438,-0.0029742462626235343
sad,emotions,-0.09512850148421373,0.15015844603033282,0.2821309333014938,0.2005087576494055,-0.23204393714019536,0.02623701830418073,0.2003767879943522,-0.09803744874697855,0.10974095624239819,0.040583585435764874,-0.15356911069957727,-0.0370208890205834,-0.4219281853745468,-0.17682004975665946,0.028919710449276145,-0.16512755832397216,0.21670539598682126,-0.20263671355140234,-0.1427607651635829,0.029176133698024537,0.08265039564270295,-0.17881247697202313,0.07525338917605644,0.09838593932855462,-0.07539096143525548,0.061636666309406375,0.08609280944403404,-0.11471140577003205,0.03509416240468904,-0.037317604558468234,0.02677641585142016,0.14310123810174008,0.2296094208067942,-0.1371446288100259,0.17976104543928362,-0.2854646726293906,-0.024545504737756695,0.0764543904125184,-0.020906601126947307,0.04178777385421644,0.048687519955896166,-0.03081235909042914,-0.0684974072382886,0.09344614035532266,-0.0029024054890959255,-0.08088417423678641,0.1225268214780372,-0.023144645828500628,0.1156632475274214,0.06934975544418069
angry,emotions,-0.2247449619592952,0.0637043109049298,0.21727277361736652,0.19848779498865177,-0.14399048230641756,-0.11308571196127769,0.16226504386268967,-0.1473041649065546,0.09737018032819064,0.06508966893662992,-0.10708493629474465,0.052276708598481735,-0.41707954831015953,-0.1758018004817138,-0.053966129638691934,-0.09243289163352855,0.11377928465229936,-0.2845949430301439,-0.06890097473113455,0.03902341888255349,0.2133490782600818,-0.1800092893352163,0.11088339756769366,0.05238775396482143,-0.19203250761218343,0.03405531392713449,0.030561351001397657,-0.0466954227455921,-0.014892699356595365,-0.041255347956628,-0.09791624501214902,0.04428607633198743,0.19625367539259975,-0.18107598215706505,0.2394710456492599,-0.19691086315448358,-0.032068771984554705,0.07289781079009168,-0.011559352877738063,-0.07832113196037974,0.003993452976689568,-0.047770548483630215,-0.09149412086317295,0.10429825402031317,0.07138286256132224,-0.1679902956260988,0.15137248331919803,0.019187382346060954,0.10915839519243835,0.12309048270192162
fear,emotions,-0.2322813622939404,0.08139370286101802,0.2575925806981294,0.09228901448263319,-0.10595097633938584,-0.10614962909592247,0.13410081077450564,-0.08034475234533009,-0.004754648466787532,0.0791186094186989,-0.10268460653488234,-0.02473181352303266,-0.42085676501641145,-0.1586732644906233,-0.11018197155426143,-0.14365794835740273,0.29965073669086945,-0.1826337035041318,-0.04491951933293638,0.052350614112778235,0.11983298877213712,-0.09689630804836878,0.15969693903531712,0.08510217159771606,-0.16362828654544204,0.15266682900461961,0.06535287919756343,-0.04865003180551411,0.02097618689913019,-0.06222120414469938,0.07621350810068023,0.09220054226786974,0.10258702013221228,-0.2162534139391584,0.2642621585550055,-0.23466055831542404,-0.022389296952262078,0.1381074445518943,-0.06411121308716564,-0.07255954411325995,-0.12006055874636955,-0.02427567217939991,-0.08050320344488812,0.13060336243064047,0.001471345919816612,-0.02324973721585056,0.16896410385678595,0.06940858186347341,0.09769202724728471,0.11059472327955835
joy,emotions,-0.19253150564949426,0.15716472497617548,0.34698012704552345,0.1821878271829642,-0.22590432371985936,-0.0423651793475654,0.0935010908811651,-0.05970779569124337,0.07783633991764885,0.0033311104333100926,-0.17357359620165103,-0.021550198565689037,-0.4192788873725543,-0.18810841678796933,-0.012095469425285311,-0.14308439615584762,0.19391130345354832,-0.21608181369532767,-0.002564561844471886,0.09889533356478766,0.15563864334214703,-0.20962987705756517,0.16958272824759318,-0.01658584339274045,-0.12937378701045693,0.09453758574426205,-0.07043037813680944,-0.009091988772975197,0.012332153046327789,-0.06858794635063332,0.00970660351130313,0.08071021957470842,0.11144682620017149,-0.07980443643669684,0.2681055547606589,-0.22137379119786657,0.028541553156744996,0.022432171594025763,0.05866849318947119,-0.09101922965324823,0.01628742110202445,-0.16761768738459232,-0.07845269425399659,0.07589224757976491,0.06609465864319526,-0.0629729339731902,0.07689949174253202,0.002797591505926901,0.09586357280187896,0.03379713180627411
love,emotions,-0.12224513916097067,0.10188466350278495,0.12691095827444293,0.11674808089679665,-0.2559471962863483,-0.15037648459566094,0.10211767736555896,-0.08782613050667462,0.1290162857536533,0.1190460916277334,-0.15471383443233783,0.016249646182046,-0.4530701391179165,-0.172267782639684,-0.09449433911086401,-0.2577631275027778,0.1953140310026739,-0.18082571753797855,-0.06332497803863514,-0.0047155273703562576,0.14061773562621113,-0.157760648021127,0.08417565900474631,0.04241705667149308,-0.18287292161869617,0.021315319123426345,-0.051281627648545415,-0.10593246904901933,0.06084236330640074,-0.02368761919203334,0.06678986977714435,0.11522033228662926,0.15140891644401921,-0.1812505183595198,0.24088847035992353,-0.18782870667174809,-0.08340701468693291,0.12511653471590614,0.08442203445852012,0.01443893358558759,-0.049210345136358975,-0.027525226057502798,0.04276784882048573,0.07970891528823307,-0.033997835187355205,-0.19114325896024886,0.15671836054861038,-0.058994776389509715,0.08782989020561706,0.10643203506720667
hate,emotions,-0.16971957201532173,0.15559447853310737,0.31619301720259646,0.22080043127011542,-0.27175073983166054,-0.10797290711110837,0.13697637670573118,-0.05371140989189372,0.11497250501072029,0.13658694859870824,-0.06485720960643311,-0.07589839220774867,-0.3681473057629539,-0.05936000480321078,0.005960515470826471,-0.07651644507904405,0.1386802239011885,-0.23451584574194206,-0.10498894076750126,0.05996635972906196,0.1460385107126667,-0.1620045356197009,0.2447345928206698,0.04123019861519536,-0.12412898701068928,0.00957473548742997,-0.019974951656965435,-0.014353252430140068,0.0545621352254416,-0.057333519938368036,-0.007671681025608533,-0.021192174093279472,0.16555272576699828,-0.06767652096543697,0.23178882554476618,-0.26831854197485,0.03592162880634971,0.012348162777794698,0.05074883329422511,-0.035398348663385315,-0.029047411806337697,0.09357639219257241,-0.1797285521935226,0.18205795759569798,0.04117021827822659,-0.054933924721161285,0.1538902728494944,0.0020073585994484105,0.12934184504525123,-0.016235536755625224
calm,emotions,-0.12991431384415933,0.13214928831875208,0.30295357340896145,0.18548518355296645,-0.17485965653547822,-0.05415278339459099,0.11652245044096703,-0.1264705420190725,0.11703587970369399,0.17190942480917748,-0.1302442893478456,-0.005240004405555277,-0.45910442569165194,-0.07075374827791177,0.0017327148011211863,-0.0600520075864596,0.16323396871373103,-0.20149305825072936,-0.044273723422024985,0.04960878450238255,0.17265329822864084,-0.2274485334869228,0.19313211880127049,0.03805837195826219,-0.17176290279179088,0.12796425039687148,0.08500608837156456,-0.0696341668746372,0.012951005791920227,-0.020857249216606834,-0.02945462965613349,0.0858985408783855,0.0923867241317089,-0.1130502144145764,0.1922031491927621,-0.17210713453522633,-0.03616568342082012,0.06417454244612303,0.0038096068431261506,-0.09402426892323468,0.04578034523721799,-0.18961505778189988,-0.010012392970949255,0.12548351994011467,-0.01602841794973332,-0.1430957398117207,0.200067566390404,-0.0090344061871975,0.04479050828730591,0.1381926770947643
excited,emotions,-0.13975833853613803,0.06739067019321425,0.2742863485313661,0.07725944632724027,-0.13399379675993348,-0.007411682029463862,0.1837486921438001,-0.06991314938821781,0.14259356756650482,0.09617735261272863,-0.17381024733404205,0.014934235043649529,-0.29887895820010435,-0.17761151626140662,-0.049317915531063995,-0.13426243968415721,0.2000329375847881,-0.22638529547424283,0.0010801864595688996,0.13147489194361817,0.1887173545625024,-0.22320963482901035,0.06750091910005639,0.014084759940092135,-0.06705116570116773,0.08098559578855373,0.024599542076113895,-0.10380402081407591,-0.04558139663842642,-0.006384400004326132,0.05948475310121701,0.005443833611016156,0.2759188270930519,-0.12519520062197298,0.3343968437680295,-0.3090728223533229,-0.08669087795959064,0.06565686024386728,0.059867178911615554,0.011901869405743547,0.009227622974736066,-0.07327446456795794,-0.12416767646437353,0.16659823091145204,-0.0035846229906882857,-0.005156163260435272,0.09758521837536611,0.11716647865463495,0.13466352002477944,0.0713816358678236
worried,emotions,-0.15957890141853964,0.08491564086144107,0.24920392586029183,0.11553845897750231,-0.19089962212711636,-0.05981445627075136,0.14107448434956985,-0.16941463606773766,0.06813761846882246,0.04158814444322694,-0.1508451192396891,-0.07980486304388718,-0.4301556285089541,-0.17021908551598758,-0.05825955748563408,-0.05068646065343723,0.15451730539451655,-0.14766992160540107,-0.030407988186555192,0.019902415329357517,0.15323911073622112,-0.2079680863812605,0.18944798535717144,0.07965802597096677,-0.17978153435167943,0.005703649271493362,0.009467924760772052,-0.10713969003130602,0.029575278407925693,-0.07352005097287694,0.10643426187443017,0.1236901832574698,0.18157158921014355,-0.08986196526190761,0.2798356112381242,-0.23661964980300554,-0.0519677995423186,0.06732135761216905,0.06798111304845685,-0.06161694410910851,-0.09115497220113775,-0.08846134059108467,-0.06725393250206568,0.08902691799208905,0.12452491609599932,-0.13552891521901794,0.1197226076348496,0.09811164610391036,0.18704744371517987,0.050837532025990825
france,countries,-0.10106856880397441,-0.05310170290126956,0.1319222867607759,0.09122560531820981,0.024529252786308586,-0.14312264334166502,0.24778671925720444,-0.08647409358168552,0.07321088056574909,0.09853219825008405,-0.07793289598984222,0.1498308001060226,0.25922043673651785,0.0768190576052089,0.1734647364904171,-0.006041889760084308,0.16272764548608934,-0.03630052652801378,-0.03082506668718285,-0.05481705387215581,-0.0233238332673207,0.09017666947593526,-0.10353925454733762,0.36112141276404114,-0.27430416091754994,-0.12602938100739253,0.20122492535594788,0.21502259569979593,0.12813680543437092,0.17081857574369588,0.02786656487097819,-0.05733466021182776,0.04549913188470895,-0.11447749409712887,0.3011000179064272,0.0333299027457054,-0.09524762278458904,-0.13294848667543055,-0.016363364349305222,-0.07137799132500325,-0.1220979674734207,-0.00031352071773130133,0.04816076826452961,0.02053700461957301,-0.030824032614351682,-0.035854286655014,-0.23854883851992606,-0.2763862317763639,-0.13959929887676284,-0.06055156369396759
japan,countries,-0.15337193195926918,-0.15971427383231201,0.1046831687847939,0.05805684814661935,-0.17932769783760721,0.1411122826813739,0.2575871574830271,-0.1115785231240346,0.08339163512279947,-0.10086751321585705,0.06925553275069271,0.27931665656491805,0.13353093953862194,0.18387461103439004,0.2068298265864445,-0.0772362285206597,0.07776808406103672,-0.03871620747041292,0.021402877908572256,-0.03271829398389278,0.009086984343102423,0.08462164767629474,-0.11988206833383301,0.2508169658410182,-0.19438484351055543,-0.25981988990526755,0.23293831717109734,-0.007607464620515631,0.1632207092700674,0.17785483251868608,-0.020015346750829936,-0.2914680227713966,-0.0103324685170745,-0.10567607142918632,0.0858357515688345,-0.053097709561827355,-0.03208901351271626,-0.008332018050239165,0.006481251024075558,-0.18084376801211383,-0.1432941295404799,0.023802156513345864,0.06667515434107771,-0.10841774997659806,-0.040060834053011724,0.15127570410843397,-0.16868286747071395,-0.21451390938996198,-0.11903813410808631,-0.053544519778075506
brazil,countries,-0.054976268620951466,-0.12499796379011348,0.11795157259191255,0.09721892457674505,-0.0341526795947092,-0.06652206701464204,0.21680752176934293,-0.09492634527786718,0.11514848426295378,-0.06405232330887542,0.0417089085570793,0.11528313927004225,0.23273885935362248,0.017638432672360923,0.2279853019833718,0.03254392238422629,0.05605371421378691,-0.021653584748779806,0.12883022860818613,-0.15670786260652858,0.04593864400957006,-0.061974720975073616,-0.18562098578489797,0.422880564596888,-0.19089819596539553,-0.2594778460004936,0.1662726033349516,0.24947387019879239,-0.0167288951007446,0.032026956405230574,0.09041913758327781,-0.023759354984725083,0.00530625618316712,-0.18073517565121316,0.2794681980027697,0.07562379767530077,-0.08536324054524985,-0.09960719050587873,0.060613703374800716,-0.09675955322626971,-0.10631598702675925,0.1269984960888531,0.09196137111311858,-0.14453687991768185,0.01226087239540092,0.05506320823500558,-0.18080841247913582,-0.12649913139071417,-0.1792393310358682,-0.035102310183511835
india,countries,-0.1595945416778449,-0.18192662625069048,0.1357530084437914,0.2474556285033434,-0.11598023532593837,0.01599890255984954,0.23502750687726764,-0.0830995068079961,0.07689486315801534,-0.11060919966843524,-0.01908657512443728,0.12197720248084605,-0.00774582937397768,0.19786524666445668,0.2587697249236386,0.006384572167150754,0.1185314382191082,0.01830420469222962,0.06341974239315487,0.03546582901809884,-0.00337045479377461,0.17160326985002403,-0.1057101994235269,0.33249725820879167,-0.2319875044865366,-0.16845539824631012,0.12646017517627517,0.08218161785100793,0.04565608108719148,0.030928494646031153,0.1283498683493252,-0.05588365587728336,0.1293136120122538,-0.17870814272534585,0.15377883409173795,-0.10181126810630492,-0.16912481488293715,-0.10551564208073802,0.13924459373493975,-0.11066087081201727,-0.0605033457400608,0.07436504450522312,0.17872382559999767,-0.16835037754754362,0.005003527394627198,0.1058205042375979,-0.2815392275891889,-0.1539304042285639,-0.08948069203510105,-0.0466471475382781
germany,countries,-0.1960476920925237,-0.14346497265136038,0.2651974153346012,0.10333023465695335,0.04940248985280143,-0.03367933177582417,0.16341527553329474,-0.026867584122508857,0.0012296704332960089,-0.06231831718035185,-0.03453181660963842,0.19346828957056444,0.12755098221792763,0.16444982960117682,0.2678037828395189,0.05327895174292328,0.04867165573011974,-0.07173525898290346,0.1357228080565649,0.03853301198897435,-0.07651035026311576,0.12450002112168905,-0.27235392831653665,0.35724088471603616,-0.04178105900314734,-0.2696185481118082,0.1394980292320885,0.18567570513158724,0.0011843739243537958,0.0634969592302138,0.038298456083452094,-0.19476157165584046,-0.003144602718934224,-0.06421509733768985,0.19353805267769073,-0.0068244589007490355,-0.16264067386429626,-0.029335408991613306,0.061499352566889195,-0.06440375239055514,-0.17276772126865095,0.028878227395143088,-0.02555431747012698,-0.0881520961450548,-0.13460042867940097,-0.03613909233879684,-0.22753032220954522,-0.22376493917082652,-0.06858208858605797,-0.06529975962663345
china,countries,-0.10788999670447248,-0.05507532333360291,0.14993103008164319,0.04539219386938619,0.006294715841467021,0.04261700604415569,0.20751348329507283,-0.2311124973418889,0.09906129904950689,0.11065231768985717,-0.05861371275876169,0.1308644575947605,0.15796113592948566,0.15207948196228604,0.28886952381626035,-0.07813231225614847,0.15792050940088886,-0.012007719111960212,0.043317757192993835,0.0008640407245746289,0.08244865464888597,0.15299058007337735,-0.20668574194809655,0.39223888592487266,-0.16722031004668647,-0.19203795206670435,0.19241888713899932,0.11855166222860752,0.17838731308121852,0.09639798952764625,-0.07455449604791754,-0.17091080002029663,0.023867416792151663,-0.030056726538295112,0.197113199745123,-0.07896332669429418,0.02731852913803671,-0.0349182739011527,0.14958822869034605,-0.10118695078613556,-0.09866969499832859,0.09390502801466076,0.11866168863716144,-0.013611697162737916,-0.019796193882060584,0.017179983923291085,-0.27172602263671447,-0.2065224522108471,-0.05593921954465013,-0.049026475996502485
canada,countries,-0.06348563002078894,0.003287622802326627,0.05999391331287485,0.04342424124816584,-0.01214036263634157,0.03787342578351491,0.16825009090166157,-0.007986838612822376,0.11292807440654558,-0.02937162914132132,-0.12479574067487739,0.09019612038055114,0.14776426309066312,-0.006228184812714346,0.26951413803494073,-0.00665818280650137,0.3118440213140932,0.09656935683575961,0.039640362804730926,-0.027207368915602815,0.07802891915710561,0.20111551007686962,-0.2321560934313032,0.21709397489487794,-0.19771300802887481,-0.15458250219697658,0.21378884357665165,0.19215738781767946,0.022726786853397216,-0.046970957113678616,0.05214635664698078,-0.19356939102464643,-0.11527045530619741,-0.09755198385167722,0.20363081109769127,-0.030863168803656697,-0.15892221206719348,-0.060681747242665875,0.04170624904574832,-0.17378133313571148,-0.1745926592614866,0.07124914604473054,0.05887093367442685,-0.0692827919879932,-0.13693627159607896,0.025122960013316657,-0.3653708201890828,-0.2105135825894286,-0.023145952619941478,-0.1265375809261901
australia,countries,-0.18621301405188298,-0.07504415958772158,0.21862088714829306,0.07548932168854162,-0.05215001489793865,-0.1173704538406255,0.23098577816778978,0.03944658681562688,0.11523383778514551,-0.03696784983508984,-0.01555880530552382,0.19163706927379653,0.0875951614711202,0.20012699204468962,0.2444247957113636,0.004911869436167427,0.051100162153396876,0.03697348369797639,0.10332708204134863,-0.061520443326251124,0.08716005046251522,0.06936869503629761,-0.19806070029145179,0.31319703010924577,-0.30022768270739814,-0.17959458515507512,0.07453887710778993,0.052584905639262755,-0.036094218247396934,0.10400481493156792,-0.01267405376841749,-0.18000806970959513,-0.0597544156083428,-0.20069325082431613,0.20328715896305605,-0.0643164883257085,-0.12239839966134645,-0.11828866746416711,0.08499397150403236,-0.007427277989089741,-0.10292547405461762,0.013785470835855688,0.06091362414469655,-0.10563193027861764,-0.08193462915927086,0.017827832226699175,-0.2650946806264502,-0.23161379618509229,-0.19539290816236365,-0.1085370155385491
egypt,countries,-0.22915664745071865,-0.19867951680357415,0.0430998340905813,0.11159044958440707,-0.06257170173536072,0.053427459138897536,0.2137856011504262,-0.2282563566359268,0.13392530617217613,0.020215202357070635,-0.10183614912046758,0.20969760952301805,0.07991893658717128,0.1411240748498282,0.1323680062088992,-0.11524584560205214,0.08753464451104616,-0.05954947806873478,0.02732748309498713,-0.09993739729579428,-0.01042214374509798,0.11634430931756655,-0.1384094609576594,0.3584286840646754,-0.21089105315035556,-0.12340012094424085,0.11382278252651898,0.163322650196599,0.18156190440168446,0.13584890945853054,-0.015436400484391738,-0.18349805531403113,0.08114756648677487,-0.20630402380820262,0.09717554931016063,-0.050664380810664864,-0.0546958087703055,-0.028053202216324825,0.004256203580278319,-0.11385689685490395,-0.17677379019936898,-0.006658857128407814,0.10536121800351018,-0.1747362891330862,0.028548994873121653,0.09324790474833215,-0.16746955832587743,-0.2636237897446315,-0.12884909256855467,-0.13022087031150417
mexico,countries,-0.18983388230888315,-0.06628070856216237,0.23128845604873743,0.030609136162065294,-0.030535390659176986,0.010380634156993375,0.13144875888297994,-0.06487596611985376,0.04705394656858069,-0.05122894432602137,-0.07281192015914578,0.14308742483242742,0.15031577230594947,0.1328953801680031,0.21137364572593206,-0.0494074654901524,0.14797030155812982,0.06417216285296977,0.06946065266574522,0.04902800686421686,-0.08389135372284004,0.12028604285433953,-0.22972594020314596,0.27439486542114994,-0.23787544938035493,-0.13475250810398648,0.28106459758142033,0.16242479146442368,0.002017296719014291,0.10047261696713952,0.019814317307280425,-0.15112738496654118,-0.12091670412464409,-0.18881585491338299,0.17350279823089068,0.012326974598225455,-0.3113673969604883,-0.07057791556622434,0.08591204270656509,-0.04091019443532168,-0.09960356003451501,0.08711164332232828,-0.013706726538416638,-0.23209708569107337,-0.1148036555604502,0.11561558510537634,-0.16276064495452858,-0.20525364343901878,-0.09990151153650151,-0.011254754673477816
atom,science,0.013226908314026987,0.21282239367390957,0.2280671691116612,-0.08028869805791937,0.09373593145048531,-0.16916264324972782,0.0765054366185803,-0.12730248805656114,0.08329689912539869,-0.16775687358911234,-0.006991799233415118,0.24225178344444398,0.04411386903169662,0.009529937867743152,0.013537550623606018,-0.06548531455553765,0.028277743480775924,0.03467765755206465,0.0713998208925384,-0.11913716063122917,0.11464181604490432,0.08787412190070341,0.19626124428161054,0.047046830629901205,0.30624301498914014,-0.1348560993927803,0.18786839150691634,0.05507501257911511,0.25689060075746134,-0.11055757093459831,-0.08539459199709336,0.0017673591794823192,-0.26449223241023456,-0.03310707300148655,-0.10991487659110727,0.04571228446806946,0.1258331589843748,0.2008197655708303,0.12121139590672733,-0.13246802284231263,-0.11165760345201123,0.14713287707951123,-0.23311143625624767,0.13088394457508054,0.15169990720175264,-0.01551852786801499,-0.22399938716316786,0.22804615197352382,-0.03387275670992109,0.10858497278893986
cell,science,0.06409233719614807,0.1415222824126575,0.214618040405843,0.008462297693905878,-0.031149029086449793,-0.15459300492569833,-0.006903636565901474,-0.04765898742775741,0.09538407909755785,-0.09330302773562872,0.02810179081879527,0.283742257129181,-0.01103732774341918,0.08792091288171083,0.055393572396874244,-0.0317314960308396,0.043205850349721936,-0.09213812163075481,0.11203661959620365,-0.03182791230903288,-0.016656740388789962,0.007077133153358531,0.19712304412194404,0.12321364782464281,0.28455234090299136,-0.08562374415599443,0.13323823115409858,0.09449305510209062,0.2996255977928684,-0.15224724361879263,-0.03653167562082935,0.007047727104750074,-0.10698967402843344,-0.12088346971411161,-0.08206143227161368,-0.08459845209851397,0.06979346763097151,0.20539420392313776,0.2131929345174818,-0.10992471316773306,-0.19512966333101417,0.037612263459503324,-0.2616163749253222,0.2642779030438359,0.043809605828675685,-0.056749639272511504,-0.3153956373709845,0.15194883430845882,0.06728887883006406,0.17132710516525565
gene,science,-0.004299853019129893,0.18237660948787615,0.10782289385561443,0.0036295936655806036,-0.07053324562919469,-0.09543519395901427,-0.13717063869105262,-0.06739815740666073,0.015884083421624454,-0.07154814173067241,0.06587548728096589,0.12099394556795587,-0.06267876679905744,0.05998917692166621,0.08209732372159906,-0.0788999197118476,0.003959390411482187,0.036286401383538947,-0.013639014429613721,-0.10076406695325506,0.11126608455914246,-0.008910759035633653,0.08856638292006398,0.1586683480834958,0.23459469188136006,-0.11153509306672486,0.06979750962298588,0.009901534734600646,0.3527186409092413,-0.060770007095918024,-0.06169076183676109,-0.1453506963148996,-0.32219182421328374,-0.20712505939867348,-0.13500327577832102,0.06645846986550184,0.06838580841251071,0.22285580185767978,0.11737727290262089,-0.10627592619777486,-0.10179444420325395,0.09952038415805237,-0.2451745236373346,0.2432708025821346,0.19353946783936254,-0.07919235214927436,-0.17863394901070379,0.30914846605945323,-0.01948304949663992,0.17393200083558655
energy,science,0.002183111597567314,0.21544160557381545,0.1450006528539671,-0.011413559953816918,-0.05941816331075883,-0.12804995043871564,0.07883070697542016,-0.015199828986437661,0.09847670807205132,-0.128335433580138,0.11403687019069485,0.22888559454184818,-0.06807978799107041,0.07364666922093578,0.04084657308488904,-0.09108018934527962,0.04173159093557199,0.018301720549402576,-0.05261505546393298,-0.04891248338476514,0.03525784546357808,0.03007928428777687,0.11637564121812148,0.12545054018392932,0.27486727860919,-0.10050576910813759,0.10119928141723583,-0.08624596653391368,0.2831710647113267,-0.12951994296702124,-0.08159944260838557,-0.12229983542397652,-0.2021588702691135,-0.17960853420672152,-0.032662421318311166,0.008443949158972008,0.09542523921259238,0.26558161789497964,0.19573123980289678,-0.10186382570455993,-0.18621318236151344,0.1475550989500395,-0.1900773800932466,0.26725057118363565,0.23290738181370738,-0.12275709740523481,-0.20529229299567656,0.15559921758502449,-0.02330096827317036,0.17631211944424782
gravity,science,-0.03921678418079724,0.15782954071441627,0.1895992891053955,0.026381912714310084,-0.005976750082546916,-0.12276791239431913,-0.01847189230535405,0.03444232310262853,0.03289671424702577,-0.09960709395397213,0.13259696578523936,0.1656908911769634,0.06980764244186378,-0.0285428949484855,0.18199302479233068,-0.07462668182294953,0.017224636636065636,-0.10081643290927385,-0.011424298242434851,-0.16123492322102687,-0.029638042316467342,0.06008666873487764,0.24874989703603648,0.1413512851438795,0.3086899625290138,-0.16348921083788587,0.0705214391866238,0.12243593560694166,0.2570849913835311,-0.019774436216359506,-0.12706228606545347,-0.08116144314603678,-0.22996603265748966,-0.0023051602964976868,-0.10895946537113847,-0.000664970487244648,0.043313200133913085,0.27276612587523147,0.17723903213232162,-0.07800629919905665,-0.08826522600219827,0.15558401191368823,-0.158356799710658,0.26527567438594657,0.0775539042359945,-0.20633109978786213,-0.2112561005997539,0.17845919406850322,-0.04345764430633123,0.18107459112768978
light,science,0.03967756125744422,0.26656882733076126,0.12344200376990894,-0.06347221543604677,0.05217311498679609,-0.15073968510831606,0.026581429404404094,-0.06636627167761582,0.008688059753546622,-0.1098068055922854,0.07257294429261106,0.23864559961542525,-0.029918529202187783,-0.046054578821567174,0.07154296941715871,-0.011580760157052764,0.014548691380770822,-0.011894570057820712,0.06811027893429701,-0.14636952831877328,-0.08200064753471856,0.06001817928259067,0.17399890455593847,0.07925551564538448,0.28823269297414633,-0.07897503687465804,0.12019043901917087,0.04236036303576649,0.4033766756090898,-0.13082356466845466,-0.10078755895944781,-0.11112332150324553,-0.3407321231045095,-0.10512353444465837,-0.1315411966602128,0.04070677483812391,0.17730768669005148,0.21997699782928398,0.1084521549018214,-0.08332095605852234,-0.10240827199314571,0.08265492228552622,-0.11160996103041983,0.11912452331254793,0.031087732294992117,-0.09236688033193458,-0.17631530700872622,0.10068111968706249,-0.18231764282282867,0.20289287347619409
matter,science,0.049269759585054494,0.12538792421028028,0.05591433827141415,-0.06609623334446238,0.003040120557238023,-0.1511807263174777,0.021609855301137976,-0.17259047176331185,-0.00241567004708325,-0.15414835255773685,0.050288017177707804,0.1589583268341194,0.025381958936883775,-0.041264959575393945,0.08546105566013915,-0.02146187498562268,0.11663824168631044,-0.021730692706400517,0.027442917885028905,-0.1803175517160797,-0.11247834383065497,0.10085202719870213,0.17481165461178946,0.17261057174727445,0.19350050666095234,-0.06748982016193862,0.19543409505860326,0.0423750888377158,0.27754678224894586,-0.09710800397324869,-0.17712269111202653,-0.006896753783397865,-0.285727221180648,-0.039085873666066834,-0.167020930830774,-0.03877560617942207,0.11048987178038121,0.20959862549302835,0.18480320111038395,-0.07337863538149333,-0.19728317277744423,0.10240094812016995,-0.1877538221074753,0.2546835201634317,0.14351573140766744,-0.13107656677272916,-0.19876026764249316,0.269333688320512,0.009972266667977731,0.14656632724524254
orbit,science,0.10418561264217263,0.21927191562669898,0.13236440956500373,-0.08387608692997985,0.010477400743121453,-0.08271807981690531,-0.04962055621144763,0.03952622810581227,0.04021463549039455,-0.16622836543805125,0.12912037449237798,0.19936363390565442,0.02742204436464047,0.04007012271070317,0.09366485451895527,-0.028652313788802678,0.0478650166913443,-0.11045259272873363,-0.04932297749325177,-0.056412286160666715,-0.0039850283843791325,0.040561846309798914,0.12761809170200328,0.07414533275890274,0.1890218750608231,-0.1135793127290452,0.08898762170175947,-0.02858156191753822,0.30403955256631776,-0.0931722873144769,-0.00034342181979716803,-0.1692943108264821,-0.2334042665365229,-0.019192947159099694,-0.15054256387438783,0.0325736981633174,0.02231246034184985,0.274218785495478,0.2184919965884597,-0.047050964135656986,-0.09770799364441667,0.044960950433214825,-0.2690744373761068,0.24576633854882696,0.23367702729071113,-0.1518462865664266,-0.30018965843885204,0.19744570148929247,-0.07147764847189715,0.1294588641495436
virus,science,0.02050397078547033,0.13466233444387954,0.06783210685204002,0.01760008551181493,-0.07855066912405954,-0.2379399624376272,-0.03920881823600562,0.0005976568345186928,0.03535736445410495,-0.14683039504306025,0.07784423335913064,0.12094356418703335,0.012917094223516834,0.08045247684446123,0.07629783771082142,0.00016658088532646502,-0.0328870752273862,0.06721541622772359,0.02311362457580315,-0.13154931383436658,0.002400261559815959,0.06595973788148826,0.28107011286583605,0.07661359361089466,0.26786895779884884,-0.05113761080699936,0.09190553532194153,0.07878128073082716,0.4159080102257209,-0.14044634235492529,-0.08220493609182533,-0.15375928116868973,-0.26407561418444225,-0.06463980250483316,-0.08260212690704345,-0.015629290585215946,-0.04676790207780941,0.3011025695607164,0.018126198292568618,-0.1020130363912101,-0.07564871153324922,0.08242253792325695,-0.0783958804809293,0.32487670072491326,0.13303491048779895,-0.06641743673250303,-0.2510429353011748,0.10449983929348733,-0.07112051455134683,0.1468954100811051
wave,science,-0.06940749111992316,0.20596370709310752,0.10447784968150069,-0.11427262185311439,0.01966376854636834,-0.09870966434555851,0.0099650517793919,-0.057651493059063676,0.07708654628310473,-0.07651419891340881,0.08852799262502618,0.16579242651648518,0.00025913830469385284,0.12127536989347573,0.06222827156030224,0.060362480078253185,0.0019075538658881001,0.0035222218975418744,-0.02361242953221132,-0.09423317525439587,-0.09267255662349812,0.03853415736565652,0.13979822712927878,0.13967570325432146,0.3515938039632058,-0.07014686265811959,-0.010522214696906122,0.13785137127223718,0.31809520120077595,-0.15421541945997366,-0.10707449937835135,-0.0728995114357571,-0.3294963715301857,-0.06155236138626182,-0.138120371435422,-0.001564486622000894,0.009268147574031991,0.17960393341260006,0.1390351148787703,-0.0472452026570066,-0.09544051832469473,0.11300366493055129,-0.16408378849717722,0.22305643621776217,0.20885148706610326,-0.13950707113248226,-0.2857729147051577,0.1334439747801204,0.04375797575580596,0.22258274234370395
